Path,Version,Function,Size,Seed,Neural_net_optimum,Ground_truth_optimum,Distance,RMSE,Optimizer
models/v1/training_v1_f01_1.pth,v1,f_01,100,0,[ 4.83252678 -4.52910248],[0.42031587 2.52283619],8.3185,85.94473677339288,BasinHopping
models/v1/training_v1_f01_1.pth,v1,f_01,100,1,[-4.3744005   4.99560469],[1.17461792 3.72659439],5.69227,86.80643709082548,BasinHopping
models/v1/training_v1_f01_1.pth,v1,f_01,100,2,[-0.98189671  4.86560492],[1.03499848 1.21033172],4.17479,53.91149410828217,BasinHopping
models/v1/training_v1_f01_1.pth,v1,f_01,100,3,[-0.98694656 -4.94230434],[0.25550034 2.71984107],7.76223,63.44923498934958,BasinHopping
models/v1/training_v1_f01_1.pth,v1,f_01,100,4,[4.9701179  2.98950481],[3.86248348 3.55050717],1.2416,60.039731084528704,BasinHopping
